Genotype,block,subblock,Plant,Heading.date,Flag.leaf.senescence.date,Peduncle.senescence.date
hom hom,NAM2 block 4,NAM2 block 4_1,437_5-3-1,02/03/2018,21/04/2018,03/05/2018
hom hom,NAM2 block 4,NAM2 block 4_1,437_5-3-3,04/03/2018,20/04/2018,11/05/2018
hom hom,NAM2 block 4,NAM2 block 4_1,437_5-3-4,06/03/2018,23/04/2018,08/05/2018
hom hom,NAM2 block 4,NAM2 block 4_1,437_5-3-5,05/03/2018,19/04/2018,08/05/2018
hom hom,NAM2 block 4,NAM2 block 4_1,437_5-3-6,03/03/2018,15/04/2018,30/04/2018
hom hom,NAM2 block 4,NAM2 block 4_1,437_5-3-7,04/03/2018,21/04/2018,11/05/2018
hom hom,NAM2 block 4,NAM2 block 4_1,437_5-3-8,05/03/2018,23/04/2018,14/05/2018
hom hom,NAM2 block 4,NAM2 block 4_1,437_5-3-9,05/03/2018,28/04/2018,17/05/2018
hom hom,NAM2 block 4,NAM2 block 4_1,437_5-3-10,01/03/2018,18/04/2018,02/05/2018
hom hom,NAM2 block 4,NAM2 block 4_1,437_5-3-11,09/03/2018,13/04/2018,11/05/2018
hom WT,NAM2 block 4,NAM2 block 4_1,437_3-17-1,07/03/2018,12/04/2018,30/04/2018
hom WT,NAM2 block 4,NAM2 block 4_1,437_3-17-2,09/03/2018,06/04/2018,07/05/2018
hom WT,NAM2 block 4,NAM2 block 4_1,437_3-17-3,03/03/2018,08/04/2018,27/04/2018
hom WT,NAM2 block 4,NAM2 block 4_1,437_3-17-4,06/03/2018,13/04/2018,30/04/2018
hom WT,NAM2 block 4,NAM2 block 4_1,437_3-17-7,04/03/2018,14/04/2018,03/05/2018
hom WT,NAM2 block 4,NAM2 block 4_1,437_3-17-8,08/03/2018,11/04/2018,30/04/2018
hom WT,NAM2 block 4,NAM2 block 4_1,437_3-17-9,09/03/2018,06/04/2018,30/04/2018
hom WT,NAM2 block 4,NAM2 block 4_1,437_3-17-10,08/03/2018,06/04/2018,27/04/2018
hom WT,NAM2 block 4,NAM2 block 4_1,437_3-17-11,05/03/2018,17/04/2018,30/04/2018
hom WT,NAM2 block 4,NAM2 block 4_1,437_3-17-12,06/03/2018,18/04/2018,06/05/2018
WT hom,NAM2 block 4,NAM2 block 4_1,437_4-11-1,07/03/2018,05/04/2018,25/04/2018
WT hom,NAM2 block 4,NAM2 block 4_1,437_4-11-2,10/03/2018,09/04/2018,30/04/2018
WT hom,NAM2 block 4,NAM2 block 4_1,437_4-11-3,04/03/2018,07/04/2018,28/04/2018
WT hom,NAM2 block 4,NAM2 block 4_1,437_4-11-4,05/03/2018,18/04/2018,08/05/2018
WT hom,NAM2 block 4,NAM2 block 4_1,437_4-11-5,05/03/2018,03/04/2018,27/04/2018
WT hom,NAM2 block 4,NAM2 block 4_1,437_4-11-6,05/03/2018,05/04/2018,28/04/2018
WT hom,NAM2 block 4,NAM2 block 4_1,437_4-11-7,05/03/2018,09/04/2018,02/05/2018
WT hom,NAM2 block 4,NAM2 block 4_1,437_4-11-8,07/03/2018,09/04/2018,30/04/2018
WT hom,NAM2 block 4,NAM2 block 4_1,437_4-11-9,06/03/2018,01/04/2018,23/04/2018
WT hom,NAM2 block 4,NAM2 block 4_1,437_4-11-10,05/03/2018,05/04/2018,27/04/2018
WT WT,NAM2 block 4,NAM2 block 4_1,437_3-29-2,07/03/2018,09/04/2018,30/04/2018
WT WT,NAM2 block 4,NAM2 block 4_1,437_3-29-3,05/03/2018,09/04/2018,29/04/2018
WT WT,NAM2 block 4,NAM2 block 4_1,437_3-29-4,04/03/2018,28/03/2018,23/04/2018
WT WT,NAM2 block 4,NAM2 block 4_1,437_3-29-6,07/03/2018,04/04/2018,21/04/2018
WT WT,NAM2 block 4,NAM2 block 4_1,437_3-29-7,05/03/2018,05/04/2018,22/04/2018
WT WT,NAM2 block 4,NAM2 block 4_1,437_3-29-8,04/03/2018,08/04/2018,23/04/2018
WT WT,NAM2 block 4,NAM2 block 4_1,437_3-29-9,05/03/2018,01/04/2018,21/04/2018
WT WT,NAM2 block 4,NAM2 block 4_1,437_3-29-10,07/03/2018,07/04/2018,02/05/2018
WT WT,NAM2 block 4,NAM2 block 4_1,437_3-29-11,08/03/2018,11/04/2018,01/05/2018
WT WT,NAM2 block 4,NAM2 block 4_1,437_3-29-12,07/03/2018,03/04/2018,23/04/2018
Kronos WT,NAM2 block 4,NAM2 block 4,KWT,13/03/2018,06/04/2018,01/05/2018
Kronos WT,NAM2 block 4,NAM2 block 4,KWT,10/03/2018,05/04/2018,01/05/2018
Kronos WT,NAM2 block 4,NAM2 block 4,KWT,11/03/2018,11/04/2018,02/05/2018
Kronos WT,NAM2 block 4,NAM2 block 4,KWT,10/03/2018,11/04/2018,02/05/2018
Kronos WT,NAM2 block 4,NAM2 block 4,KWT,10/03/2018,28/03/2018,01/05/2018
Kronos WT,NAM2 block 4,NAM2 block 4,KWT,10/03/2018,05/04/2018,30/04/2018
Kronos WT,NAM2 block 4,NAM2 block 4,KWT,10/03/2018,13/04/2018,04/05/2018
Kronos WT,NAM2 block 4,NAM2 block 4,KWT,10/03/2018,09/04/2018,30/04/2018
Kronos WT,NAM2 block 4,NAM2 block 4,KWT,10/03/2018,27/03/2018,26/04/2018
Kronos WT,NAM2 block 4,NAM2 block 4,KWT,10/03/2018,04/04/2018,29/04/2018
hom hom,NAM2 block 4,NAM2 block 4_2,437_12-31-2,06/03/2018,08/04/2018,27/04/2018
hom hom,NAM2 block 4,NAM2 block 4_2,437_12-31-3,06/03/2018,06/04/2018,30/04/2018
hom hom,NAM2 block 4,NAM2 block 4_2,437_12-31-7,11/03/2018,28/03/2018,27/04/2018
hom hom,NAM2 block 4,NAM2 block 4_2,437_12-31-8,05/03/2018,06/04/2018,01/05/2018
hom hom,NAM2 block 4,NAM2 block 4_2,437_12-31-11,07/03/2018,06/04/2018,03/05/2018
hom hom,NAM2 block 4,NAM2 block 4_2,437_12-31-14,08/03/2018,02/04/2018,23/04/2018
hom WT,NAM2 block 4,NAM2 block 4_2,437_12-25-1,09/03/2018,30/03/2018,30/04/2018
hom WT,NAM2 block 4,NAM2 block 4_2,437_12-25-2,04/03/2018,03/04/2018,21/04/2018
hom WT,NAM2 block 4,NAM2 block 4_2,437_12-25-3,08/03/2018,06/04/2018,22/04/2018
hom WT,NAM2 block 4,NAM2 block 4_2,437_12-25-4,04/03/2018,09/04/2018,22/04/2018
hom WT,NAM2 block 4,NAM2 block 4_2,437_12-25-5,05/03/2018,30/03/2018,23/04/2018
hom WT,NAM2 block 4,NAM2 block 4_2,437_12-25-6,07/03/2018,07/04/2018,26/04/2018
hom WT,NAM2 block 4,NAM2 block 4_2,437_12-25-7,02/03/2018,02/04/2018,20/04/2018
hom WT,NAM2 block 4,NAM2 block 4_2,437_12-25-10,08/03/2018,03/04/2018,21/04/2018
hom WT,NAM2 block 4,NAM2 block 4_2,437_12-25-14,06/03/2018,29/03/2018,21/04/2018
hom WT,NAM2 block 4,NAM2 block 4_2,437_12-25-15,05/03/2018,04/04/2018,20/04/2018
WT hom,NAM2 block 4,NAM2 block 4_2,437_5-26-2,05/03/2018,11/04/2018,23/04/2018
WT hom,NAM2 block 4,NAM2 block 4_2,437_5-26-5,08/03/2018,05/04/2018,30/04/2018
WT hom,NAM2 block 4,NAM2 block 4_2,437_5-26-7,05/03/2018,29/03/2018,26/04/2018
WT hom,NAM2 block 4,NAM2 block 4_2,437_5-26-8,09/03/2018,30/03/2018,26/04/2018
WT hom,NAM2 block 4,NAM2 block 4_2,437_5-26-9,04/03/2018,02/04/2018,23/04/2018
WT hom,NAM2 block 4,NAM2 block 4_2,437_5-26-12,08/03/2018,04/04/2018,27/04/2018
WT hom,NAM2 block 4,NAM2 block 4_2,437_5-26-15,04/03/2018,23/03/2018,19/04/2018
WT WT,NAM2 block 4,NAM2 block 4_2,437_4-2-1,04/03/2018,01/04/2018,19/04/2018
WT WT,NAM2 block 4,NAM2 block 4_2,437_4-2-2,03/03/2018,05/04/2018,21/04/2018
WT WT,NAM2 block 4,NAM2 block 4_2,437_4-2-3,05/03/2018,07/04/2018,26/04/2018
WT WT,NAM2 block 4,NAM2 block 4_2,437_4-2-5,05/03/2018,28/03/2018,19/04/2018
WT WT,NAM2 block 4,NAM2 block 4_2,437_4-2-6,05/03/2018,03/04/2018,23/04/2018
WT WT,NAM2 block 4,NAM2 block 4_2,437_4-2-7,05/03/2018,04/04/2018,20/04/2018
WT WT,NAM2 block 4,NAM2 block 4_2,437_4-2-8,04/03/2018,03/04/2018,21/04/2018
WT WT,NAM2 block 4,NAM2 block 4_2,437_4-2-9,08/03/2018,04/04/2018,22/04/2018
WT WT,NAM2 block 4,NAM2 block 4_2,437_4-2-10,06/03/2018,07/04/2018,21/04/2018
WT WT,NAM2 block 4,NAM2 block 4_2,437_4-2-11,04/03/2018,07/04/2018,20/04/2018
hom hom,NAM2 block 5,NAM2 block 5_1,451_4-31-1,03/03/2018,10/04/2018,27/04/2018
hom hom,NAM2 block 5,NAM2 block 5_1,451_4-31-2,04/03/2018,27/03/2018,25/04/2018
hom hom,NAM2 block 5,NAM2 block 5_1,451_4-31-3,06/03/2018,06/04/2018,08/05/2018
hom hom,NAM2 block 5,NAM2 block 5_1,451_4-31-4,05/03/2018,30/03/2018,23/04/2018
hom hom,NAM2 block 5,NAM2 block 5_1,451_4-31-6,07/03/2018,28/03/2018,25/04/2018
hom hom,NAM2 block 5,NAM2 block 5_1,451_4-31-7,05/03/2018,30/03/2018,23/04/2018
hom hom,NAM2 block 5,NAM2 block 5_1,451_4-31-8,04/03/2018,03/04/2018,23/04/2018
hom hom,NAM2 block 5,NAM2 block 5_1,451_4-31-9,03/03/2018,30/03/2018,23/04/2018
hom hom,NAM2 block 5,NAM2 block 5_1,451_4-31-10,05/03/2018,23/03/2018,23/04/2018
hom WT,NAM2 block 5,NAM2 block 5_1,432_1-4-1,01/03/2018,03/04/2018,23/04/2018
hom WT,NAM2 block 5,NAM2 block 5_1,432_1-4-2,28/02/2018,03/04/2018,30/04/2018
hom WT,NAM2 block 5,NAM2 block 5_1,432_1-4-3,06/03/2018,09/04/2018,03/05/2018
hom WT,NAM2 block 5,NAM2 block 5_1,432_1-4-4,06/03/2018,29/03/2018,27/04/2018
hom WT,NAM2 block 5,NAM2 block 5_1,432_1-4-5,14/03/2018,14/04/2018,04/05/2018
hom WT,NAM2 block 5,NAM2 block 5_1,432_1-4-6,04/03/2018,03/04/2018,27/04/2018
hom WT,NAM2 block 5,NAM2 block 5_1,432_1-4-8,01/03/2018,30/03/2018,25/04/2018
hom WT,NAM2 block 5,NAM2 block 5_1,432_1-4-9,05/03/2018,01/04/2018,26/04/2018
hom WT,NAM2 block 5,NAM2 block 5_1,432_1-4-10,02/03/2018,02/04/2018,01/05/2018
hom WT,NAM2 block 5,NAM2 block 5_1,432_1-4-11,05/03/2018,30/03/2018,30/04/2018
WT hom,NAM2 block 5,NAM2 block 5_1,451_8-3-1,05/03/2018,31/03/2018,28/04/2018
WT hom,NAM2 block 5,NAM2 block 5_1,451_8-3-2,06/03/2018,25/03/2018,22/04/2018
WT hom,NAM2 block 5,NAM2 block 5_1,451_8-3-3,05/03/2018,23/03/2018,22/04/2018
WT hom,NAM2 block 5,NAM2 block 5_1,451_8-3-4,06/03/2018,01/04/2018,23/04/2018
WT hom,NAM2 block 5,NAM2 block 5_1,451_8-3-5,05/03/2018,01/04/2018,23/04/2018
WT hom,NAM2 block 5,NAM2 block 5_1,451_8-3-6,06/03/2018,25/03/2018,22/04/2018
WT hom,NAM2 block 5,NAM2 block 5_1,451_8-3-8,05/03/2018,27/03/2018,21/04/2018
WT hom,NAM2 block 5,NAM2 block 5_1,451_8-3-9,05/03/2018,03/04/2018,27/04/2018
WT hom,NAM2 block 5,NAM2 block 5_1,451_8-3-10,04/03/2018,28/03/2018,25/04/2018
WT hom,NAM2 block 5,NAM2 block 5_1,451_8-3-11,08/03/2018,28/03/2018,19/04/2018
WT WT,NAM2 block 5,NAM2 block 5_1,451_8-8-1,11/03/2018,30/03/2018,22/04/2018
WT WT,NAM2 block 5,NAM2 block 5_1,451_8-8-2,08/03/2018,30/03/2018,25/04/2018
WT WT,NAM2 block 5,NAM2 block 5_1,451_8-8-3,11/03/2018,09/04/2018,30/04/2018
WT WT,NAM2 block 5,NAM2 block 5_1,451_8-8-5,11/03/2018,28/03/2018,22/04/2018
WT WT,NAM2 block 5,NAM2 block 5_1,451_8-8-6,09/03/2018,25/03/2018,23/04/2018
WT WT,NAM2 block 5,NAM2 block 5_1,451_8-8-7,14/03/2018,06/04/2018,26/04/2018
WT WT,NAM2 block 5,NAM2 block 5_1,451_8-8-8,12/03/2018,08/04/2018,25/04/2018
WT WT,NAM2 block 5,NAM2 block 5_1,451_8-8-9,10/03/2018,27/03/2018,21/04/2018
WT WT,NAM2 block 5,NAM2 block 5_1,451_8-8-10,08/03/2018,28/03/2018,22/04/2018
WT WT,NAM2 block 5,NAM2 block 5_1,451_8-8-11,07/03/2018,03/04/2018,23/04/2018
Kronos WT,NAM2 block 5,NAM2 block 5,KWT,08/03/2018,31/03/2018,27/04/2018
Kronos WT,NAM2 block 5,NAM2 block 5,KWT,09/03/2018,28/03/2018,27/04/2018
Kronos WT,NAM2 block 5,NAM2 block 5,KWT,09/03/2018,31/03/2018,25/04/2018
Kronos WT,NAM2 block 5,NAM2 block 5,KWT,09/03/2018,02/04/2018,27/04/2018
Kronos WT,NAM2 block 5,NAM2 block 5,KWT,08/03/2018,06/04/2018,28/04/2018
Kronos WT,NAM2 block 5,NAM2 block 5,KWT,09/03/2018,23/03/2018,23/04/2018
Kronos WT,NAM2 block 5,NAM2 block 5,KWT,08/03/2018,30/03/2018,23/04/2018
Kronos WT,NAM2 block 5,NAM2 block 5,KWT,10/03/2018,03/04/2018,27/04/2018
Kronos WT,NAM2 block 5,NAM2 block 5,KWT,10/03/2018,08/04/2018,27/04/2018
Kronos WT,NAM2 block 5,NAM2 block 5,KWT,09/03/2018,28/03/2018,26/04/2018
hom hom,NAM2 block 5,NAM2 block 5_2,451_4-32-1,05/03/2018,23/03/2018,25/04/2018
hom hom,NAM2 block 5,NAM2 block 5_2,451_4-32-2,04/03/2018,23/03/2018,25/04/2018
hom hom,NAM2 block 5,NAM2 block 5_2,451_4-32-3,07/03/2018,07/04/2018,27/04/2018
hom hom,NAM2 block 5,NAM2 block 5_2,451_4-32-4,04/03/2018,23/03/2018,19/04/2018
hom hom,NAM2 block 5,NAM2 block 5_2,451_4-32-5,02/03/2018,26/03/2018,21/04/2018
hom hom,NAM2 block 5,NAM2 block 5_2,451_4-32-6,05/03/2018,28/03/2018,22/04/2018
hom hom,NAM2 block 5,NAM2 block 5_2,451_4-32-7,05/03/2018,01/04/2018,22/04/2018
hom hom,NAM2 block 5,NAM2 block 5_2,451_4-32-8,05/03/2018,23/03/2018,13/04/2018
hom WT,NAM2 block 5,NAM2 block 5_2,432_1-4-12,04/03/2018,02/04/2018,21/04/2018
hom WT,NAM2 block 5,NAM2 block 5_2,432_1-4-13,03/03/2018,29/03/2018,23/04/2018
hom WT,NAM2 block 5,NAM2 block 5_2,432_1-4-14,04/03/2018,29/03/2018,22/04/2018
hom WT,NAM2 block 5,NAM2 block 5_2,432_1-4-16,05/03/2018,26/03/2018,22/04/2018
hom WT,NAM2 block 5,NAM2 block 5_2,432_1-4-17,05/03/2018,04/04/2018,21/04/2018
hom WT,NAM2 block 5,NAM2 block 5_2,432_1-4-19,03/03/2018,05/04/2018,25/04/2018
hom WT,NAM2 block 5,NAM2 block 5_2,432_1-4-20,03/03/2018,28/03/2018,23/04/2018
hom WT,NAM2 block 5,NAM2 block 5_2,432_1-4-21,04/03/2018,28/03/2018,23/04/2018
hom WT,NAM2 block 5,NAM2 block 5_2,432_1-4-22,04/03/2018,06/04/2018,22/04/2018
hom WT,NAM2 block 5,NAM2 block 5_2,432_1-4-24,01/03/2018,08/04/2018,26/04/2018
hom WT,NAM2 block 5,NAM2 block 5_2,432_1-4-25,05/03/2018,03/04/2018,30/04/2018
WT hom,NAM2 block 5,NAM2 block 5_2,451_8-17-2,07/03/2018,28/03/2018,19/04/2018
WT hom,NAM2 block 5,NAM2 block 5_2,451_8-17-3,06/03/2018,30/03/2018,21/04/2018
WT hom,NAM2 block 5,NAM2 block 5_2,451_8-17-4,08/03/2018,09/04/2018,22/04/2018
WT hom,NAM2 block 5,NAM2 block 5_2,451_8-17-5,11/03/2018,28/03/2018,23/04/2018
WT hom,NAM2 block 5,NAM2 block 5_2,451_8-17-6,11/03/2018,03/04/2018,22/04/2018
WT hom,NAM2 block 5,NAM2 block 5_2,451_8-17-7,07/03/2018,02/04/2018,22/04/2018
WT hom,NAM2 block 5,NAM2 block 5_2,451_8-17-8,08/03/2018,03/04/2018,27/04/2018
WT hom,NAM2 block 5,NAM2 block 5_2,451_8-17-10,11/03/2018,09/04/2018,30/04/2018
WT hom,NAM2 block 5,NAM2 block 5_2,451_8-17-11,10/03/2018,28/03/2018,19/04/2018
WT hom,NAM2 block 5,NAM2 block 5_2,451_8-17-12,09/03/2018,03/04/2018,23/04/2018
WT WT,NAM2 block 5,NAM2 block 5_2,451_8-21-1,09/03/2018,30/03/2018,23/04/2018
WT WT,NAM2 block 5,NAM2 block 5_2,451_8-21-2,08/03/2018,03/04/2018,22/04/2018
WT WT,NAM2 block 5,NAM2 block 5_2,451_8-21-3,07/03/2018,26/03/2018,18/04/2018
WT WT,NAM2 block 5,NAM2 block 5_2,451_8-21-4,07/03/2018,26/03/2018,19/04/2018
WT WT,NAM2 block 5,NAM2 block 5_2,451_8-21-5,11/03/2018,28/03/2018,25/04/2018
WT WT,NAM2 block 5,NAM2 block 5_2,451_8-21-6,08/03/2018,01/04/2018,21/04/2018
WT WT,NAM2 block 5,NAM2 block 5_2,451_8-21-7,07/03/2018,29/03/2018,19/04/2018
hom hom,NAM2 block 6,NAM2 block 6_1,429_6-8-1,03/03/2018,12/04/2018,27/04/2018
hom hom,NAM2 block 6,NAM2 block 6_1,429_6-8-3,05/03/2018,06/04/2018,27/04/2018
hom hom,NAM2 block 6,NAM2 block 6_1,429_6-8-4,07/03/2018,10/04/2018,02/05/2018
hom hom,NAM2 block 6,NAM2 block 6_1,429_6-8-5,05/03/2018,28/03/2018,23/04/2018
hom hom,NAM2 block 6,NAM2 block 6_1,429_6-8-6,05/03/2018,02/04/2018,23/04/2018
hom hom,NAM2 block 6,NAM2 block 6_1,429_6-8-7,03/03/2018,04/04/2018,25/04/2018
hom hom,NAM2 block 6,NAM2 block 6_1,429_6-8-8,09/03/2018,08/04/2018,02/05/2018
hom hom,NAM2 block 6,NAM2 block 6_1,429_6-8-9,05/03/2018,27/03/2018,23/04/2018
hom hom,NAM2 block 6,NAM2 block 6_1,429_6-8-10,02/03/2018,30/03/2018,23/04/2018
hom hom,NAM2 block 6,NAM2 block 6_1,429_6-8-11,04/03/2018,03/04/2018,28/04/2018
hom WT,NAM2 block 6,NAM2 block 6_1,429_7-42-1,08/03/2018,03/04/2018,28/04/2018
hom WT,NAM2 block 6,NAM2 block 6_1,429_7-42-2,04/03/2018,20/03/2018,18/04/2018
hom WT,NAM2 block 6,NAM2 block 6_1,429_7-42-3,04/03/2018,02/04/2018,21/04/2018
hom WT,NAM2 block 6,NAM2 block 6_1,429_7-42-4,06/03/2018,03/04/2018,22/04/2018
hom WT,NAM2 block 6,NAM2 block 6_1,429_7-42-5,05/03/2018,29/03/2018,25/04/2018
hom WT,NAM2 block 6,NAM2 block 6_1,429_7-42-6,11/03/2018,28/03/2018,21/04/2018
hom WT,NAM2 block 6,NAM2 block 6_1,429_7-42-7,05/03/2018,01/04/2018,19/04/2018
hom WT,NAM2 block 6,NAM2 block 6_1,429_7-42-8,06/03/2018,03/04/2018,22/04/2018
hom WT,NAM2 block 6,NAM2 block 6_1,429_7-42-9,05/03/2018,02/04/2018,23/04/2018
hom WT,NAM2 block 6,NAM2 block 6_1,429_7-42-10,04/03/2018,27/03/2018,19/04/2018
WT hom,NAM2 block 6,NAM2 block 6_1,430_6-1-1,05/03/2018,30/03/2018,20/04/2018
WT hom,NAM2 block 6,NAM2 block 6_1,430_6-1-3,06/03/2018,31/03/2018,21/04/2018
WT hom,NAM2 block 6,NAM2 block 6_1,430_6-1-4,07/03/2018,04/04/2018,02/05/2018
WT hom,NAM2 block 6,NAM2 block 6_1,430_6-1-5,09/03/2018,28/03/2018,20/04/2018
WT hom,NAM2 block 6,NAM2 block 6_1,430_6-1-7,07/03/2018,05/04/2018,25/04/2018
WT hom,NAM2 block 6,NAM2 block 6_1,430_6-1-9,05/03/2018,04/04/2018,27/04/2018
WT hom,NAM2 block 6,NAM2 block 6_1,430_6-1-10,05/03/2018,04/04/2018,25/04/2018
WT hom,NAM2 block 6,NAM2 block 6_1,430_6-1-11,08/03/2018,26/03/2018,22/04/2018
WT hom,NAM2 block 6,NAM2 block 6_1,430_6-1-12,05/03/2018,02/04/2018,23/04/2018
WT hom,NAM2 block 6,NAM2 block 6_1,430_6-1-14,09/03/2018,07/04/2018,25/04/2018
WT WT,NAM2 block 6,NAM2 block 6_1,430_6-6-1,07/03/2018,06/04/2018,27/04/2018
WT WT,NAM2 block 6,NAM2 block 6_1,430_6-6-3,06/03/2018,23/03/2018,19/04/2018
WT WT,NAM2 block 6,NAM2 block 6_1,430_6-6-4,07/03/2018,05/04/2018,23/04/2018
WT WT,NAM2 block 6,NAM2 block 6_1,430_6-6-6,07/03/2018,02/04/2018,25/04/2018
WT WT,NAM2 block 6,NAM2 block 6_1,430_6-6-7,05/03/2018,30/03/2018,25/04/2018
WT WT,NAM2 block 6,NAM2 block 6_1,430_6-6-8,05/03/2018,26/03/2018,18/04/2018
WT WT,NAM2 block 6,NAM2 block 6_1,430_6-6-11,07/03/2018,04/04/2018,25/04/2018
WT WT,NAM2 block 6,NAM2 block 6_1,430_6-6-13,05/03/2018,04/04/2018,19/04/2018
WT WT,NAM2 block 6,NAM2 block 6_1,430_6-6-14,06/03/2018,05/04/2018,25/04/2018
WT WT,NAM2 block 6,NAM2 block 6_1,430_6-6-17,09/03/2018,06/04/2018,25/04/2018
Kronos WT,NAM2 block 6,NAM2 block 6,KWT,07/03/2018,27/03/2018,22/04/2018
Kronos WT,NAM2 block 6,NAM2 block 6,KWT,09/03/2018,03/04/2018,26/04/2018
Kronos WT,NAM2 block 6,NAM2 block 6,KWT,09/03/2018,05/04/2018,26/04/2018
Kronos WT,NAM2 block 6,NAM2 block 6,KWT,08/03/2018,28/03/2018,19/04/2018
Kronos WT,NAM2 block 6,NAM2 block 6,KWT,08/03/2018,29/03/2018,21/04/2018
Kronos WT,NAM2 block 6,NAM2 block 6,KWT,09/03/2018,31/03/2018,23/04/2018
hom hom,NAM2 block 6,NAM2 block 6_2,440_7-25-1,05/03/2018,30/03/2018,25/04/2018
hom hom,NAM2 block 6,NAM2 block 6_2,440_7-25-2,05/03/2018,31/03/2018,30/04/2018
hom hom,NAM2 block 6,NAM2 block 6_2,440_7-25-3,05/03/2018,11/04/2018,03/05/2018
hom hom,NAM2 block 6,NAM2 block 6_2,440_7-25-5,03/03/2018,06/04/2018,30/04/2018
hom hom,NAM2 block 6,NAM2 block 6_2,440_7-25-6,05/03/2018,27/03/2018,29/04/2018
hom hom,NAM2 block 6,NAM2 block 6_2,440_7-25-7,02/03/2018,06/04/2018,02/05/2018
hom hom,NAM2 block 6,NAM2 block 6_2,440_7-25-8,05/03/2018,03/04/2018,03/05/2018
hom hom,NAM2 block 6,NAM2 block 6_2,440_7-25-11,05/03/2018,09/04/2018,05/05/2018
hom hom,NAM2 block 6,NAM2 block 6_2,440_7-25-12,05/03/2018,05/04/2018,25/04/2018
hom hom,NAM2 block 6,NAM2 block 6_2,440_7-25-13,04/03/2018,01/04/2018,25/04/2018
hom WT,NAM2 block 6,NAM2 block 6_2,440_7-5-1,09/03/2018,03/04/2018,30/04/2018
hom WT,NAM2 block 6,NAM2 block 6_2,440_7-5-2,08/03/2018,05/04/2018,01/05/2018
hom WT,NAM2 block 6,NAM2 block 6_2,440_7-5-3,07/03/2018,27/03/2018,25/04/2018
hom WT,NAM2 block 6,NAM2 block 6_2,440_7-5-4,08/03/2018,02/04/2018,21/04/2018
hom WT,NAM2 block 6,NAM2 block 6_2,440_7-5-5,10/03/2018,08/04/2018,11/05/2018
hom WT,NAM2 block 6,NAM2 block 6_2,440_7-5-6,07/03/2018,03/04/2018,02/05/2018
hom WT,NAM2 block 6,NAM2 block 6_2,440_7-5-7,12/03/2018,03/04/2018,29/04/2018
hom WT,NAM2 block 6,NAM2 block 6_2,440_7-5-8,05/03/2018,28/03/2018,23/04/2018
hom WT,NAM2 block 6,NAM2 block 6_2,440_7-5-10,09/03/2018,05/04/2018,27/04/2018
hom WT,NAM2 block 6,NAM2 block 6_2,440_7-5-11,07/03/2018,09/04/2018,30/04/2018
WT hom,NAM2 block 6,NAM2 block 6_2,430_6-35-1,05/03/2018,25/03/2018,20/04/2018
WT hom,NAM2 block 6,NAM2 block 6_2,430_6-35-2,05/03/2018,03/04/2018,27/04/2018
WT hom,NAM2 block 6,NAM2 block 6_2,430_6-35-6,05/03/2018,30/03/2018,25/04/2018
WT hom,NAM2 block 6,NAM2 block 6_2,430_6-35-7,06/03/2018,11/04/2018,02/05/2018
WT hom,NAM2 block 6,NAM2 block 6_2,430_6-35-8,08/03/2018,29/03/2018,27/04/2018
WT hom,NAM2 block 6,NAM2 block 6_2,430_6-35-10,06/03/2018,05/04/2018,22/04/2018
WT hom,NAM2 block 6,NAM2 block 6_2,430_6-35-12,07/03/2018,06/04/2018,30/04/2018
WT hom,NAM2 block 6,NAM2 block 6_2,430_6-35-13,07/03/2018,16/04/2018,07/05/2018
WT hom,NAM2 block 6,NAM2 block 6_2,430_6-35-14,09/03/2018,30/03/2018,30/04/2018
WT hom,NAM2 block 6,NAM2 block 6_2,430_6-35-15,08/03/2018,11/04/2018,02/05/2018
WT WT,NAM2 block 6,NAM2 block 6_2,430_6-20-2,12/03/2018,13/04/2018,06/05/2018
WT WT,NAM2 block 6,NAM2 block 6_2,430_6-20-6,09/03/2018,30/03/2018,25/04/2018
WT WT,NAM2 block 6,NAM2 block 6_2,430_6-20-7,12/03/2018,06/04/2018,01/05/2018
WT WT,NAM2 block 6,NAM2 block 6_2,430_6-20-8,12/03/2018,13/04/2018,04/05/2018
WT WT,NAM2 block 6,NAM2 block 6_2,430_6-20-13,11/03/2018,09/04/2018,30/04/2018
WT WT,NAM2 block 6,NAM2 block 6_2,430_6-20-14,10/03/2018,27/03/2018,25/04/2018
WT WT,NAM2 block 6,NAM2 block 6_2,430_6-20-15,09/03/2018,08/04/2018,25/04/2018
hom hom,NAC1,NAC1,500-2-34,12/03/2018,30/03/2018,19/04/2018
hom hom,NAC1,NAC1,500-2-45,11/03/2018,03/04/2018,25/04/2018
hom hom,NAC1,NAC1,500-3-21,09/03/2018,31/03/2018,20/04/2018
hom hom,NAC1,NAC1,500-3-23,11/03/2018,02/04/2018,23/04/2018
hom hom,NAC1,NAC1,500-3-29,12/03/2018,03/04/2018,25/04/2018
hom hom,NAC1,NAC1,500-3-47,12/03/2018,03/04/2018,23/04/2018
hom hom,NAC1,NAC1,500-4-10,10/03/2018,30/03/2018,22/04/2018
hom hom,NAC1,NAC1,500-4-45,08/03/2018,23/03/2018,18/04/2018
hom hom,NAC1,NAC1,500-4-54,09/03/2018,29/03/2018,25/04/2018
hom hom,NAC1,NAC1,500-4-81,08/03/2018,31/03/2018,24/04/2018
hom hom,NAC1,NAC1,500-4-85,09/03/2018,30/03/2018,24/04/2018
hom hom,NAC1,NAC1,500-4-99,08/03/2018,24/03/2018,22/04/2018
hom hom,NAC1,NAC1,500-6-7,08/03/2018,30/03/2018,16/04/2018
hom hom,NAC1,NAC1,500-6-11,09/03/2018,28/03/2018,22/04/2018
hom hom,NAC1,NAC1,500-6-18,09/03/2018,03/04/2018,27/04/2018
hom hom,NAC1,NAC1,500-6-25,09/03/2018,28/03/2018,25/04/2018
hom hom,NAC1,NAC1,500-6-34,16/03/2018,30/03/2018,25/04/2018
hom hom,NAC1,NAC1,500-6-40,11/03/2018,30/03/2018,25/04/2018
WT hom,NAC1,NAC1,500-1-27,11/03/2018,30/03/2018,22/04/2018
WT hom,NAC1,NAC1,500-1-48,08/03/2018,02/04/2018,23/04/2018
WT hom,NAC1,NAC1,500-2-17,12/03/2018,02/04/2018,25/04/2018
WT hom,NAC1,NAC1,500-3-1,09/03/2018,03/04/2018,23/04/2018
WT hom,NAC1,NAC1,500-3-42,09/03/2018,30/03/2018,21/04/2018
WT hom,NAC1,NAC1,500-3-43,09/03/2018,03/04/2018,22/04/2018
WT hom,NAC1,NAC1,500-4-9,12/03/2018,28/03/2018,19/04/2018
WT hom,NAC1,NAC1,500-4-20,11/03/2018,30/03/2018,23/04/2018
WT hom,NAC1,NAC1,500-4-71,09/03/2018,03/04/2018,22/04/2018
WT hom,NAC1,NAC1,500-4-78,09/03/2018,30/03/2018,25/04/2018
WT hom,NAC1,NAC1,500-4-87,09/03/2018,29/03/2018,19/04/2018
WT hom,NAC1,NAC1,500-4-96,11/03/2018,26/03/2018,23/04/2018
WT hom,NAC1,NAC1,500-6-6,12/03/2018,02/04/2018,27/04/2018
WT hom,NAC1,NAC1,500-6-12,12/03/2018,03/04/2018,22/04/2018
WT hom,NAC1,NAC1,500-6-14,14/03/2018,01/04/2018,30/04/2018
WT hom,NAC1,NAC1,500-6-17,12/03/2018,31/03/2018,25/04/2018
hom WT,NAC1,NAC1,500-1-20,08/03/2018,30/03/2018,22/04/2018
hom WT,NAC1,NAC1,500-1-30,12/03/2018,29/03/2018,25/04/2018
hom WT,NAC1,NAC1,500-1-33,09/03/2018,28/03/2018,23/04/2018
hom WT,NAC1,NAC1,500-2-12,11/03/2018,26/03/2018,05/04/2018
hom WT,NAC1,NAC1,500-2-18,12/03/2018,30/03/2018,23/04/2018
hom WT,NAC1,NAC1,500-2-28,09/03/2018,02/04/2018,20/04/2018
hom WT,NAC1,NAC1,500-2-41,11/03/2018,03/04/2018,22/04/2018
hom WT,NAC1,NAC1,500-3-30,12/03/2018,18/03/2018,19/04/2018
hom WT,NAC1,NAC1,500-4-24,11/03/2018,26/03/2018,23/04/2018
hom WT,NAC1,NAC1,500-4-46,12/03/2018,03/04/2018,27/04/2018
hom WT,NAC1,NAC1,500-4-57,12/03/2018,30/03/2018,24/04/2018
hom WT,NAC1,NAC1,500-4-64,10/03/2018,03/04/2018,22/04/2018
hom WT,NAC1,NAC1,500-4-77,07/03/2018,25/03/2018,19/04/2018
hom WT,NAC1,NAC1,500-4-91,09/03/2018,31/03/2018,24/04/2018
hom WT,NAC1,NAC1,500-6-35,16/03/2018,06/04/2018,30/04/2018
hom WT,NAC1,NAC1,500-6-50,08/03/2018,21/03/2018,19/04/2018
WT WT,NAC1,NAC1,500-1-2,07/03/2018,26/03/2018,21/04/2018
WT WT,NAC1,NAC1,500-2-2,12/03/2018,02/04/2018,25/04/2018
WT WT,NAC1,NAC1,500-2-9,14/03/2018,03/04/2018,25/04/2018
WT WT,NAC1,NAC1,500-3-8,11/03/2018,30/03/2018,24/04/2018
WT WT,NAC1,NAC1,500-4-3,14/03/2018,05/04/2018,19/04/2018
WT WT,NAC1,NAC1,500-4-11,13/03/2018,05/04/2018,23/04/2018
WT WT,NAC1,NAC1,500-4-18,08/03/2018,25/03/2018,19/04/2018
WT WT,NAC1,NAC1,500-4-35,09/03/2018,04/04/2018,24/04/2018
WT WT,NAC1,NAC1,500-4-59,08/03/2018,01/04/2018,23/04/2018
WT WT,NAC1,NAC1,500-4-68,14/03/2018,05/04/2018,19/04/2018
WT WT,NAC1,NAC1,500-6-44,09/03/2018,30/03/2018,23/04/2018
Kronos WT,NAC1,NAC1,KWT,10/03/2018,30/03/2018,23/04/2018
Kronos WT,NAC1,NAC1,KWT,09/03/2018,30/03/2018,27/04/2018
Kronos WT,NAC1,NAC1,KWT,09/03/2018,05/04/2018,30/04/2018
Kronos WT,NAC1,NAC1,KWT,09/03/2018,25/03/2018,20/04/2018
Kronos WT,NAC1,NAC1,KWT,12/03/2018,03/04/2018,02/05/2018
Kronos WT,NAC1,NAC1,KWT,10/03/2018,06/04/2018,27/04/2018
Kronos WT,NAC1,NAC1,KWT,11/03/2018,03/04/2018,27/04/2018
Kronos WT,NAC1,NAC1,KWT,09/03/2018,27/03/2018,18/04/2018
Kronos WT,NAC1,NAC1,KWT,11/03/2018,02/04/2018,03/05/2018
Kronos WT,NAC1,NAC1,KWT,09/03/2018,30/03/2018,27/04/2018
